Workbook

Sheet Sheet1
F2: Student_Data Sheet (Example Data)
A3: FullName | B3: FirstName | C3: LastName | D3: RollNo | E3: Class | F3: City | G3: Sub1 | H3: Sub2 | I3: Sub3 | J3: Total | K3: Result
A4: Ravi kumar | B4: Ravi | C4: Kumar | D4: 1 | E4: 12th | F4: Delhi | G4: 45 | H4: 67 | I4: 65 | J4: =G4+H4+I4 -> 177 | K4: =IF(J4>120,"pass","fail") -> pass
A5: Rahul Kumar | B5: Rahul | C5: Kumar | D5: 2 | E5: 12th | F5: Delhi | G5: 45 | H5: 62 | I5: 45 | J5: =G5+H5+I5 -> 152 | K5: =IF(J5>120,"pass","fail") -> pass
A6: Ritik Kumar | B6: Ritik | C6: Kumar | D6: 3 | E6: 12th | F6: Mumbai | G6: 67 | H6: 56 | I6: 75 | J6: =G6+H6+I6 -> 198 | K6: =IF(J6>120,"pass","fail") -> pass
A7: Rakesh Kumar | B7: Rakesh | C7: Kumar | D7: 4 | E7: 12th | F7: Mumbai | G7: 45 | H7: 78 | I7: 65 | J7: =G7+H7+I7 -> 188 | K7: =IF(J7>120,"pass","fail") -> pass
A8: Ravikant Kumar | B8: Ravikant | C8: Kumar | D8: 5 | E8: 12th | F8: Ranchi | G8: 45 | H8: 55 | I8: 45 | J8: =G8+H8+I8 -> 145 | K8: =IF(J8>120,"pass","fail") -> pass
A9: Ravishek Kumar | B9: Ravishek | C9: Kumar | D9: 6 | E9: 12th | F9: Patna | G9: 23 | H9: 54 | I9: 98 | J9: =G9+H9+I9 -> 175 | K9: =IF(J9>120,"pass","fail") -> pass
A10: Ronit Kumar | B10: Ronit | C10: Kumar | D10: 7 | E10: 12th | F10: Patna | G10: 56 | H10: 45 | I10: 89 | J10: =G10+H10+I10 -> 190 | K10: =IF(J10>120,"pass","fail") -> pass
A11: Roshan Kumar | B11: Roshan | C11: Kumar | D11: 8 | E11: 12th | F11: Ramgarh | G11: 45 | H11: 87 | I11: 88 | J11: =G11+H11+I11 -> 220 | K11: =IF(J11>120,"pass","fail") -> pass
A12: Shivam Kumar | B12: Shivam | C12: Kumar | D12: 9 | E12: 12th | F12: Ramgarh | G12: 89 | H12: 88 | I12: 90 | J12: =G12+H12+I12 -> 267 | K12: =IF(J12>120,"pass","fail") -> pass
A13: Gautam Kumar | B13: Gautam | C13: Kumar | D13: 10 | E13: 12th | F13: Ranchi | G13: 78 | H13: 44 | I13: 75 | J13: =G13+H13+I13 -> 197 | K13: =IF(J13>120,"pass","fail") -> pass
A14: Sumit Kumar | B14: Sumit | C14: Kumar | D14: 11 | E14: 12th | F14: Delhi | G14: 90 | H14: 39 | I14: 77 | J14: =G14+H14+I14 -> 206 | K14: =IF(J14>120,"pass","fail") -> pass
A15: Sashi Kumar | B15: Sashi | C15: Kumar | D15: 12 | E15: 12th | F15: Delhi | G15: 33 | H15: 41 | I15: 56 | J15: =G15+H15+I15 -> 130 | K15: =IF(J15>120,"pass","fail") -> pass
... A20: Krish Kumar | B20: Krish | C20: Kumar | D20: 17 | E20: 12th | F20: Ramgarh | G20: 45 | H20: 58 | I20: 56 | J20: =G20+H20+I20 -> 159 | K20: =IF(J20>120,"pass","fail") -> pass

Sheet Sheet2
A1: Subject | B1: MAX | C1: MIN | D1: AVERAGE
A2: Subject 1 | B2: =MAX(Sheet1!G4:G20) -> 99 | C2: =MIN(Sheet1!G4:G20) -> 23 | D2: =AVERAGE(Sheet1!G4:G20) -> 56.588235
A3: Subject 2 | B3: =MAX(Sheet1!H4:H20) -> 88 | C3: =MIN(Sheet1!H4:H20) -> 39 | D3: =AVERAGE(Sheet1!G5:G21) -> 57.3125
A4: Subject 3 | B4: =MAX(Sheet1!I4:I20) -> 98 | C4: =MIN(Sheet1!I4:I20) -> 30 | D4: =AVERAGE(Sheet1!G6:G22) -> 58.133333

Sheet Sheet3
